Iteration,Confidence Score,x_min,y_min,x_max,y_max,Label
505,0.45447215,128,333,395,503,car
506,0.3,136,334,416,508,car
507,0.3,145,336,438,514,car
508,0.45956123,154,338,460,520,car
509,0.3,165,336,486,526,car
510,0.3,177,334,513,532,car
511,0.45859116,189,333,540,539,car
512,0.3,202,333,573,547,car
513,0.3,216,333,606,556,car
514,0.46368712,230,334,640,565,car
515,0.3,245,333,681,575,car
516,0.45181018,261,332,722,586,car
517,0.4506011,281,331,767,598,car
518,0.3,276,329,746,588,car
519,0.3,271,328,726,578,car
520,0.3,266,327,705,568,car
521,0.3,261,325,685,559,car
522,0.3,257,324,664,549,car
523,0.3,252,323,644,539,car
524,0.3,247,321,623,529,car
525,0.3,242,320,603,520,car
526,0.3,237,319,582,510,car
527,0.3,233,318,562,500,car
528,0.3,228,316,541,490,car
529,0.3,223,315,521,481,car
530,0.3,218,314,500,471,car
531,0.3,213,312,480,461,car
532,0.3,209,311,459,451,car
533,0.3,204,310,439,442,car
534,0.3,199,308,418,432,car
535,0.3,194,307,398,422,car
536,0.3,189,306,377,412,car
537,0.45519865,185,305,357,403,car
538,0.53728414,193,305,368,403,car
539,0.55084896,201,304,380,404,car
540,0.5448014,209,302,395,404,car
541,0.55229825,218,303,410,405,car
542,0.52000886,229,303,426,408,car
543,0.54891527,238,302,443,407,car
544,0.52962834,248,301,459,408,car
545,0.55278116,259,300,477,411,car
546,0.5474641,270,299,496,414,car
547,0.54383254,282,300,515,412,car
548,0.5389832,295,299,537,414,car
549,0.53315437,308,298,558,418,car
550,0.54383254,322,298,581,423,car
551,0.50768983,336,298,607,426,car
552,0.53801244,351,298,634,430,car
553,0.5397111,367,298,661,433,car
554,0.5387406,384,296,690,438,car
555,0.4926763,402,296,720,441,car
556,0.52000886,423,295,753,442,car
557,0.5043639,444,295,787,447,car
558,0.4970246,466,295,821,453,car
559,0.5046691,489,297,859,460,car
560,0.5122656,514,296,898,465,car
561,0.5211056,539,299,938,470,car
562,0.53509843,566,298,981,478,car
563,0.48767337,595,299,1024,478,car
564,0.5057981,627,301,1068,490,car
565,0.5097644,660,303,1115,495,car
566,0.4950563,694,305,1158,503,car
567,0.49794006,730,305,1205,519,car
568,0.49925998,771,310,1253,528,car
569,0.47536173,812,314,1301,537,car
570,0.47329202,855,318,1349,547,car
571,0.4632014,900,320,1397,558,car
572,0.45931864,946,327,1431,571,car
573,0.45398796,995,332,1431,581,car
574,0.47353554,1047,340,1432,565,car
575,0.50695753,1098,347,1432,556,car
576,0.48669744,1150,352,1431,559,car
577,0.3,1202,359,1431,565,car
578,0.4571367,1254,367,1432,572,car
579,0.3,1234,365,1412,569,car
580,0.3,1214,364,1393,567,car
581,0.3,1194,363,1374,565,car
582,0.3,1174,361,1354,563,car
583,0.3,1155,360,1335,561,car
584,0.3,1135,359,1316,559,car
585,0.3,1115,357,1296,557,car
586,0.3,1095,356,1277,555,car
587,0.3,1075,355,1258,553,car
588,0.3,1056,353,1238,551,car
589,0.3,1036,352,1219,549,car
590,0.3,1016,351,1200,547,car
591,0.3,996,349,1181,545,car
592,0.3,976,348,1161,543,car
593,0.3,957,347,1142,541,car
594,0.3,937,345,1123,539,car
595,0.3,917,344,1103,537,car
596,0.3,897,343,1084,535,car
597,0.3,877,341,1065,533,car
598,0.3,858,340,1045,531,car
599,0.3,838,339,1026,529,car
600,0.3,818,338,1007,527,car
601,0.3,798,336,988,525,car
602,0.3,778,335,968,523,car
603,0.3,759,334,949,521,car
604,0.3,739,332,930,519,car
605,0.3,719,331,910,517,car
606,0.3,699,330,891,515,car
607,0.3,679,328,872,513,car
608,0.3,660,327,852,511,car
609,0.3,640,326,833,509,car
610,0.3,620,324,814,506,car
611,0.3,600,323,795,504,car
612,0.3,581,322,775,502,car
613,0.3,561,320,756,500,car
614,0.3,541,319,737,498,car
615,0.3,521,318,717,496,car
616,0.3,501,316,698,494,car
617,0.3,482,315,679,492,car
618,0.3,462,314,659,490,car
619,0.3,442,312,640,488,car
620,0.3,422,311,621,486,car
621,0.3,402,310,602,484,car
622,0.3,383,309,582,482,car
623,0.3,363,307,563,480,car
624,0.3,343,306,544,478,car
625,0.3,323,305,524,476,car
626,0.3,303,303,505,474,car
627,0.3,284,302,486,472,car
628,0.3,264,301,466,470,car
629,0.3,244,299,447,468,car
630,0.3,224,298,428,466,car
631,0.3,204,297,409,464,car
632,0.3,185,295,389,462,car
633,0.3,165,294,370,460,car
634,0.3,145,293,351,458,car
635,0.3,125,291,331,456,car
636,0.3,105,290,312,454,car
637,0.3,86,289,293,452,car
638,0.3,66,287,273,450,car
639,0.3,46,286,254,448,car
640,0.3,26,285,235,446,car
641,0.48803937,7,284,216,444,truck
642,0.3,7,282,224,446,truck
643,0.3,8,281,233,448,truck
644,0.3,9,280,241,451,truck
645,0.3,10,278,250,453,truck
646,0.3,11,277,258,455,truck
647,0.4622303,12,276,267,458,truck
648,0.4882224,10,272,275,459,truck
649,0.50744575,15,273,286,465,truck
650,0.4797474,21,272,296,466,truck
651,0.46733177,24,271,305,470,truck
652,0.47706684,29,270,316,470,truck
653,0.47110158,34,269,326,471,truck
654,0.48700243,35,267,338,472,truck
655,0.45447215,39,263,351,474,truck
656,0.4690338,41,261,364,477,truck
657,0.3,46,259,378,481,truck
658,0.3,51,258,393,486,truck
659,0.45931864,56,257,408,491,truck
660,0.3,61,255,425,495,truck
661,0.47438765,67,253,442,499,truck
662,0.4901746,71,249,457,503,truck
663,0.4581063,80,246,478,506,truck
664,0.3,85,245,500,510,truck
665,0.3,90,244,523,515,truck
666,0.3,95,243,545,519,truck
667,0.3,100,242,568,524,truck
668,0.49090677,105,241,591,529,truck
669,0.3,113,239,616,535,truck
670,0.46247303,121,237,642,542,truck
671,0.3,122,238,638,541,truck
672,0.3,123,240,634,540,truck
673,0.3,124,242,631,539,truck
674,0.3,125,244,627,538,truck
675,0.3,127,246,623,537,truck
676,0.3,128,248,620,536,truck
677,0.3,129,250,616,535,truck
678,0.3,130,252,613,534,truck
679,0.3,132,254,609,533,truck
680,0.3,133,256,605,532,truck
681,0.3,134,258,602,531,truck
682,0.3,135,260,598,530,truck
683,0.3,136,262,595,530,truck
684,0.3,138,264,591,529,truck
685,0.3,139,266,587,528,truck
686,0.3,140,268,584,527,truck
687,0.3,141,270,580,526,truck
688,0.3,143,272,576,525,truck
689,0.3,144,274,573,524,truck
690,0.3,145,276,569,523,truck
691,0.3,146,278,566,522,truck
692,0.3,147,280,562,521,truck
693,0.3,149,282,558,520,truck
694,0.3,150,284,555,519,truck
695,0.3,151,285,551,519,truck
696,0.3,152,287,548,518,truck
697,0.3,154,289,544,517,truck
698,0.3,155,291,540,516,truck
699,0.3,156,293,537,515,truck
700,0.3,157,295,533,514,truck
701,0.3,158,297,530,513,truck
702,0.3,160,299,526,512,truck
703,0.3,161,301,522,511,truck
704,0.3,162,303,519,510,truck
705,0.3,163,305,515,509,truck
706,0.3,165,307,511,508,truck
707,0.3,166,309,508,508,truck
708,0.3,167,311,504,507,truck
709,0.3,168,313,501,506,truck
710,0.3,169,315,497,505,truck
711,0.3,171,317,493,504,truck
712,0.3,172,319,490,503,truck
713,0.3,173,321,486,502,truck
714,0.3,174,323,483,501,truck
715,0.3,176,325,479,500,truck
716,0.3,177,327,475,499,truck
717,0.3,178,329,472,498,truck
718,0.3,179,331,468,497,truck
719,0.46915543,181,333,465,497,car
720,0.3,190,333,484,501,car
721,0.3,199,333,503,506,car
722,0.3,208,333,522,510,car
723,0.45640978,217,334,541,515,car
724,0.4549564,228,333,565,521,car
725,0.46563044,240,333,583,525,car
726,0.47511825,253,332,610,531,car
727,0.46392995,265,332,638,537,car
728,0.477676,277,333,669,545,car
729,0.45883366,292,332,698,554,car
730,0.48590457,307,332,731,562,car
731,0.48023492,323,330,764,570,car
732,0.4602889,338,329,802,578,car
733,0.48742944,356,332,856,589,car
734,0.4807224,375,331,880,600,car
735,0.48810035,395,335,922,612,car
736,0.4912119,417,340,967,621,car
737,0.45859116,443,338,1012,631,car
738,0.3,468,338,1060,644,car
739,0.45665208,494,339,1108,657,car
740,0.3,472,339,1062,646,car
741,0.3,450,339,1017,636,car
742,0.3,428,339,972,626,car
743,0.3,406,340,926,615,car
744,0.3,384,340,881,605,car
745,0.3,363,340,836,595,car
746,0.3,341,341,790,584,car
747,0.3,319,341,745,574,car
748,0.3,297,341,700,564,car
749,0.3,275,341,655,554,car
750,0.3,253,342,609,543,car
751,0.3,232,342,564,533,car
752,0.3,210,342,519,523,car
753,0.3,188,343,473,512,car
754,0.3,166,343,428,502,car
755,0.3,144,343,383,492,car
756,0.48181957,123,344,338,482,car
757,0.4666025,130,345,352,485,car
758,0.3,137,345,366,488,car
759,0.4824291,144,346,380,491,car
760,0.47597066,150,347,395,496,car
761,0.5019989,157,349,407,499,car
762,0.5014496,166,349,426,503,car
763,0.5176928,174,349,444,507,car
764,0.4663595,184,351,464,512,car
765,0.5007553,192,350,482,516,car
766,0.4953004,202,349,503,521,car
767,0.49395782,212,351,524,527,car
768,0.5295067,224,348,549,533,car
769,0.48505086,235,348,574,539,car
770,0.48797837,246,347,599,546,car
771,0.50506574,259,351,627,553,car
772,0.49108985,272,355,655,560,car
773,0.49966618,285,349,687,568,car
774,0.47791964,301,351,719,576,car
775,0.47317034,316,356,755,586,car
776,0.4827949,334,356,791,595,car
777,0.49658206,351,360,831,608,car
778,0.50382984,370,361,870,619,car
779,0.47950366,392,362,913,631,car
780,0.491639,415,362,957,644,car
781,0.49108985,438,370,1003,655,car
782,0.47341377,463,372,1051,669,car
783,0.46441576,492,370,1100,683,car
784,0.47682324,522,381,1150,696,car
785,0.47682324,555,384,1205,712,car
786,0.47791964,588,387,1253,728,car
787,0.45907614,623,390,1305,743,car
788,0.47061494,662,393,1354,759,car
789,0.48755136,706,401,1415,772,car
790,0.45689437,750,405,1431,789,car
791,0.4508429,796,412,1430,803,car
792,0.3,847,422,1430,792,car
793,0.4622303,898,432,1431,782,car
794,0.3,838,422,1345,758,car
795,0.3,779,412,1259,735,car
796,0.3,719,402,1174,712,car
797,0.3,660,392,1088,689,car
798,0.3,600,382,1003,666,car
799,0.3,541,372,917,643,car
800,0.3,481,362,831,620,car
801,0.3,422,353,746,596,car
802,0.3,362,343,660,573,car
803,0.3,303,333,575,550,car
804,0.3,243,323,489,527,car
805,0.3,184,313,403,504,car
806,0.3,124,303,318,481,car
807,0.3,65,293,232,458,car
808,0.46344426,6,284,147,435,truck
809,0.3,6,284,152,435,truck
810,0.3,6,284,157,436,truck
811,0.3,6,284,162,437,truck
812,0.3,6,284,167,438,truck
813,0.3,6,284,172,439,truck
814,0.46879062,7,285,177,440,truck
815,0.3,7,285,182,442,truck
816,0.46465865,7,286,188,444,truck
817,0.3,7,282,194,445,truck
818,0.46915543,7,279,201,446,truck
819,0.3,7,279,208,447,truck
820,0.47256175,8,279,215,448,truck
821,0.3,8,276,221,448,truck
822,0.4632014,8,273,228,448,truck
823,0.4559252,7,272,234,450,truck
824,0.3,7,270,242,452,truck
825,0.3,7,269,250,454,truck
826,0.4775542,8,268,258,456,truck
827,0.3,7,244,266,458,truck
828,0.47122326,7,220,274,460,truck
829,0.3,7,218,286,462,truck
830,0.50006676,7,217,298,464,truck
831,0.5218367,7,213,307,466,truck
832,0.5113506,7,211,317,468,truck
833,0.4882224,13,257,326,470,truck
834,0.47244006,8,205,340,473,truck
835,0.51409537,9,201,353,476,truck
836,0.4947817,10,197,366,478,truck
837,0.49246272,10,194,384,489,truck
838,0.50674397,11,192,394,491,truck
839,0.51903373,13,189,408,492,truck
840,0.5242729,15,183,422,494,truck
841,0.55012405,16,183,441,498,truck
842,0.50659144,16,180,461,500,truck
843,0.5229331,16,179,479,506,truck
844,0.5418937,22,179,498,510,truck
845,0.51952136,29,176,519,513,truck
846,0.5203745,29,174,541,522,truck
847,0.5520568,32,173,563,524,truck
848,0.5264645,35,166,587,533,truck
849,0.4827949,40,166,611,540,truck
850,0.4895035,47,154,641,546,truck
851,0.5044249,52,149,670,556,truck
852,0.49900052,58,144,699,566,truck
853,0.4807224,62,141,733,573,truck
854,0.5070796,69,136,766,583,truck
855,0.49502578,74,132,801,591,truck
856,0.49588025,77,129,838,599,truck
857,0.48133188,89,121,878,607,truck
858,0.47670147,91,118,918,620,truck
859,0.4726835,92,115,961,634,truck
860,0.46830428,94,111,1005,645,truck
861,0.4549564,113,107,1050,657,truck
862,0.4627158,120,94,1095,674,truck
863,0.3,129,89,1142,689,truck
864,0.3,138,85,1190,704,truck
865,0.3,147,80,1238,719,truck
866,0.3,156,76,1285,735,truck
867,0.3,165,71,1333,750,truck
868,0.3,174,67,1381,765,truck
869,0.45326185,183,63,1429,781,truck
870,0.3,181,65,1415,778,truck
871,0.3,179,67,1401,775,truck
872,0.3,177,69,1387,772,truck
873,0.3,175,71,1373,770,truck
874,0.3,173,73,1359,767,truck
875,0.3,171,75,1345,764,truck
876,0.3,169,77,1331,761,truck
877,0.3,167,80,1317,759,truck
878,0.3,165,82,1303,756,truck
879,0.3,163,84,1289,753,truck
880,0.3,161,86,1275,750,truck
881,0.3,159,88,1261,748,truck
882,0.3,157,90,1247,745,truck
883,0.3,155,92,1233,742,truck
884,0.3,153,94,1219,739,truck
885,0.3,151,97,1206,737,truck
886,0.3,149,99,1192,734,truck
887,0.3,147,101,1178,731,truck
888,0.3,146,103,1164,728,truck
889,0.3,144,105,1150,726,truck
890,0.3,142,107,1136,723,truck
891,0.3,140,109,1122,720,truck
892,0.3,138,112,1108,717,truck
893,0.3,136,114,1094,715,truck
894,0.3,134,116,1080,712,truck
895,0.3,132,118,1066,709,truck
896,0.3,130,120,1052,706,truck
897,0.3,128,122,1038,704,truck
898,0.3,126,124,1024,701,truck
899,0.3,124,126,1010,698,truck
900,0.3,122,129,997,695,truck
901,0.3,120,131,983,693,truck
902,0.3,118,133,969,690,truck
903,0.3,116,135,955,687,truck
904,0.3,114,137,941,684,truck
905,0.3,112,139,927,682,truck
906,0.3,111,141,913,679,truck
907,0.3,109,143,899,676,truck
908,0.3,107,146,885,673,truck
909,0.3,105,148,871,671,truck
910,0.3,103,150,857,668,truck
911,0.3,101,152,843,665,truck
912,0.3,99,154,829,662,truck
913,0.3,97,156,815,660,truck
914,0.3,95,158,801,657,truck
915,0.3,93,161,788,654,truck
916,0.3,91,163,774,651,truck
917,0.3,89,165,760,649,truck
918,0.3,87,167,746,646,truck
919,0.3,85,169,732,643,truck
920,0.3,83,171,718,640,truck
921,0.3,81,173,704,638,truck
922,0.3,79,175,690,635,truck
923,0.3,77,178,676,632,truck
924,0.3,75,180,662,629,truck
925,0.3,74,182,648,627,truck
926,0.3,72,184,634,624,truck
927,0.3,70,186,620,621,truck
928,0.3,68,188,606,618,truck
929,0.3,66,190,592,616,truck
930,0.3,64,192,578,613,truck
931,0.3,62,195,565,610,truck
932,0.3,60,197,551,607,truck
933,0.3,58,199,537,605,truck
934,0.3,56,201,523,602,truck
935,0.3,54,203,509,599,truck
936,0.3,52,205,495,596,truck
937,0.3,50,207,481,594,truck
938,0.3,48,210,467,591,truck
939,0.3,46,212,453,588,truck
940,0.3,44,214,439,585,truck
941,0.3,42,216,425,583,truck
942,0.3,40,218,411,580,truck
943,0.3,39,220,397,577,truck
944,0.3,37,222,383,574,truck
945,0.3,35,224,369,572,truck
946,0.3,33,227,356,569,truck
947,0.3,31,229,342,566,truck
948,0.3,29,231,328,563,truck
949,0.3,27,233,314,561,truck
950,0.3,25,235,300,558,truck
951,0.3,23,237,286,555,truck
952,0.3,21,239,272,552,truck
953,0.3,19,241,258,550,truck
954,0.3,17,244,244,547,truck
955,0.3,15,246,230,544,truck
956,0.3,13,248,216,541,truck
957,0.3,11,250,202,539,truck
958,0.3,9,252,188,536,truck
959,0.3,7,254,174,533,truck
960,0.3,5,256,160,530,truck
961,0.45374593,4,259,147,528,car
962,0.3,3,257,156,534,car
963,0.3,3,255,165,541,car
964,0.452294,3,253,175,548,car
965,0.3,3,249,198,558,car
966,0.3,3,245,222,569,car
967,0.3,3,241,245,580,car
968,0.3,3,237,269,591,car
969,0.3,3,233,293,601,car
970,0.3,3,229,316,612,car
971,0.3,3,225,340,623,car
972,0.3,3,221,363,634,car
973,0.3,4,218,387,644,car
974,0.3,4,214,411,655,car
975,0.3,4,210,434,666,car
976,0.3,4,206,458,677,car
977,0.3,4,202,481,687,car
978,0.3,4,198,505,698,car
979,0.3,4,194,529,709,car
980,0.3,4,190,552,720,car
981,0.3,5,187,576,730,car
982,0.3,5,183,599,741,car
983,0.3,5,179,623,752,car
984,0.3,5,175,647,763,car
985,0.3,5,171,670,773,car
986,0.3,5,167,694,784,car
987,0.3,5,163,717,795,car
988,0.3,5,159,741,806,car
989,0.47244006,6,156,765,817,bus
990,0.49301195,7,149,817,840,bus
991,0.5089712,9,146,870,865,bus
992,0.3,9,135,932,890,bus
993,0.3,9,124,995,915,bus
994,0.3,9,114,1057,940,bus
995,0.3,9,103,1120,965,bus
996,0.3,9,92,1182,990,bus
997,0.5073847,10,82,1245,1016,bus
998,0.3,9,76,1306,1017,bus
999,0.3,9,70,1367,1018,bus
1000,0.47365725,9,64,1428,1019,bus
1001,0.3,9,63,1429,1018,bus
1002,0.3,9,63,1430,1018,bus
1003,0.47877252,10,63,1431,1018,bus
1004,0.3,10,63,1430,1017,bus
1005,0.3,10,63,1430,1017,bus
1006,0.3,10,64,1430,1017,bus
1007,0.3,10,64,1430,1017,bus
1008,0.3,10,64,1430,1017,bus
1009,0.3,10,65,1430,1017,bus
1010,0.3,10,65,1430,1017,bus
1011,0.3,10,65,1430,1017,bus
1012,0.3,10,66,1430,1016,bus
1013,0.3,10,66,1430,1016,bus
1014,0.3,10,66,1430,1016,bus
1015,0.3,10,67,1430,1016,bus
1016,0.3,10,67,1430,1016,bus
1017,0.3,10,67,1430,1016,bus
1018,0.3,10,68,1430,1016,bus
1019,0.3,10,68,1430,1016,bus
1020,0.45301983,11,69,1430,1016,wheel
1021,0.3,10,68,1429,1015,wheel
1022,0.3,10,68,1429,1014,wheel
1023,0.3,10,67,1428,1013,wheel
1024,0.3,10,67,1428,1012,wheel
1025,0.3,10,67,1428,1011,wheel
1026,0.3,9,66,1427,1010,wheel
1027,0.3,9,66,1427,1009,wheel
1028,0.3,9,65,1426,1008,wheel
1029,0.3,9,65,1426,1007,wheel
1030,0.46004632,9,65,1426,1007,bus
1031,0.3,23,65,1426,1007,bus
1032,0.3,38,65,1426,1008,bus
1033,0.3,52,65,1426,1009,bus
1034,0.3,67,65,1427,1009,bus
1035,0.3,82,65,1427,1010,bus
1036,0.3,96,65,1427,1011,bus
1037,0.3,111,65,1428,1012,bus
1038,0.3,126,65,1428,1012,bus
1039,0.3,140,65,1428,1013,bus
1040,0.3,155,65,1428,1014,bus
1041,0.3,170,65,1429,1014,bus
1042,0.3,184,65,1429,1015,bus
1043,0.3,199,65,1429,1016,bus
1044,0.4581063,214,65,1430,1017,bus
1045,0.45277786,253,66,1431,1018,bus
1046,0.3,243,106,1254,916,bus
1047,0.3,234,147,1077,814,bus
1048,0.3,225,188,900,712,bus
1049,0.3,215,229,723,610,bus
1050,0.3,206,270,546,508,bus
1051,0.4629586,197,311,369,407,car
1052,0.3,205,308,385,409,car
1053,0.48584363,214,305,401,411,car
1054,0.45350388,226,305,418,410,car truck
1055,0.3,238,304,437,410,car truck
1056,0.46915543,251,304,456,411,car
1057,0.46684557,263,304,472,412,car
1058,0.47073665,276,304,492,416,car
1059,0.5065304,290,303,516,419,car
1060,0.48456302,304,303,539,418,car
1061,0.48669744,319,303,564,426,car
1062,0.5114726,335,303,592,428,car
1063,0.48907647,352,302,618,431,car
1064,0.4797474,370,305,649,436,car
1065,0.48169762,390,303,680,440,car
1066,0.47450942,409,303,715,443,car
1067,0.48980853,431,303,751,447,car
1068,0.49169996,455,303,788,452,car
1069,0.46684557,479,303,823,458,car
1070,0.45423004,505,303,868,463,car
1071,0.47463113,536,305,909,468,car
1072,0.48553872,561,305,955,475,car
1073,0.47037166,594,307,997,483,car
1074,0.3,627,308,1046,490,car
1075,0.46587342,661,310,1095,498,car
1076,0.3,699,314,1147,507,car
1077,0.4920661,738,318,1200,517,car
1078,0.3,783,320,1251,527,car
1079,0.4571367,828,323,1302,537,car
1080,0.3,875,327,1351,548,car
1081,0.47657964,922,332,1400,560,car
1082,0.45956123,975,338,1433,573,car
1083,0.45326185,1028,344,1432,581,car
1084,0.49331707,1082,351,1434,575,car
1085,0.4508429,1138,363,1433,567,car
1086,0.3,1192,372,1433,571,car
1087,0.3,1246,381,1433,575,car
1088,0.45326185,1300,391,1433,580,car
1089,0.3,1300,388,1432,575,car
1090,0.3,1301,386,1432,570,car
1091,0.3,1301,384,1432,566,car
1092,0.3,1302,382,1432,561,car
1093,0.3,1303,380,1432,556,car
1094,0.3,1303,378,1432,552,car
1095,0.3,1304,375,1432,547,car
1096,0.3,1305,373,1432,542,car
1097,0.3,1305,371,1432,538,car
1098,0.3,1306,369,1432,533,car
1099,0.3,1307,367,1432,528,car
1100,0.3,1307,365,1432,524,car
1101,0.3,1308,362,1432,519,car
1102,0.3,1309,360,1432,515,car
1103,0.3,1309,358,1432,510,car
1104,0.3,1310,356,1432,505,car
1105,0.3,1310,354,1432,501,car
1106,0.3,1311,352,1432,496,car
1107,0.3,1312,349,1432,491,car
1108,0.3,1312,347,1432,487,car
1109,0.3,1313,345,1432,482,car
1110,0.3,1314,343,1431,477,car
1111,0.3,1314,341,1431,473,car
1112,0.3,1315,339,1431,468,car
1113,0.3,1316,336,1431,463,car
1114,0.3,1316,334,1431,459,car
1115,0.3,1317,332,1431,454,car
1116,0.3,1318,330,1431,450,car
1117,0.3,1318,328,1431,445,car
1118,0.3,1319,326,1431,440,car
1119,0.3,1319,323,1431,436,car
1120,0.3,1320,321,1431,431,car
1121,0.3,1321,319,1431,426,car
1122,0.3,1321,317,1431,422,car
1123,0.3,1322,315,1431,417,car
1124,0.3,1323,313,1431,412,car
1125,0.3,1323,310,1431,408,car
1126,0.3,1324,308,1431,403,car
1127,0.3,1325,306,1431,398,car
1128,0.3,1325,304,1431,394,car
1129,0.3,1326,302,1431,389,car
1130,0.45423004,1327,300,1431,385,car
1131,0.3,1284,301,1391,388,car
1132,0.3,1241,303,1352,391,car
1133,0.3,1198,305,1313,395,car
1134,0.3,1155,307,1274,398,car
1135,0.3,1112,308,1235,402,car
1136,0.3,1069,310,1195,405,car
1137,0.3,1026,312,1156,409,car
1138,0.3,983,314,1117,412,car
1139,0.3,940,315,1078,415,car
1140,0.3,897,317,1039,419,car
1141,0.3,854,319,1000,422,car
1142,0.3,811,321,960,426,car
1143,0.3,768,322,921,429,car
1144,0.3,725,324,882,433,car
1145,0.3,682,326,843,436,car
1146,0.3,639,328,804,439,car
1147,0.3,596,329,764,443,car
1148,0.3,552,331,725,446,car
1149,0.3,510,333,686,450,car
1150,0.3,467,335,647,453,car
1151,0.3,424,336,608,457,car
1152,0.3,381,338,569,460,car
1153,0.3,338,340,529,463,car
1154,0.3,295,342,490,467,car
1155,0.3,252,343,451,470,car
1156,0.3,209,345,412,474,car
1157,0.3,166,347,373,477,car
1158,0.4649016,123,349,334,481,car
1159,0.3,138,350,354,486,car
1160,0.4559252,154,351,375,492,car
1161,0.49066275,163,350,429,497,car
1162,0.4873074,177,350,431,503,car
1163,0.48133188,188,351,450,508,car
1164,0.46344426,203,355,481,515,car
1165,0.49493426,218,353,514,524,car
1166,0.5162296,234,352,548,532,car
1167,0.5117776,253,350,586,542,car
1168,0.5165954,273,351,626,551,car
1169,0.53266823,294,351,672,562,car
1170,0.49301195,316,354,718,574,car
1171,0.4860266,341,355,771,587,car
1172,0.5090932,371,355,827,600,car
1173,0.47584885,402,359,883,616,car
1174,0.4696419,437,363,950,631,car
1175,0.47377896,476,366,1019,651,car
1176,0.52378577,518,368,1094,674,car
1177,0.3,564,373,1160,692,car
1178,0.4726835,610,378,1226,711,wheel
1179,0.4627158,673,386,1299,733,wheel
1180,0.4513265,728,396,1382,751,wheel
1181,0.47450942,809,439,1415,776,wheel
1182,0.3,808,438,1414,774,wheel
1183,0.3,808,437,1413,773,wheel
1184,0.3,808,437,1412,772,wheel
1185,0.3,808,436,1411,771,wheel
1186,0.3,808,435,1410,769,wheel
1187,0.3,808,435,1409,768,wheel
1188,0.3,808,434,1409,767,wheel
1189,0.3,808,433,1408,766,wheel
1190,0.3,808,433,1407,764,wheel
1191,0.3,808,432,1406,763,wheel
1192,0.3,808,431,1405,762,wheel
1193,0.3,807,431,1404,761,wheel
1194,0.3,807,430,1403,760,wheel
1195,0.3,807,429,1403,758,wheel
1196,0.3,807,429,1402,757,wheel
1197,0.3,807,428,1401,756,wheel
1198,0.3,807,427,1400,755,wheel
1199,0.3,807,427,1399,753,wheel
1200,0.3,807,426,1398,752,wheel
1201,0.3,807,425,1397,751,wheel
1202,0.3,807,425,1397,750,wheel
1203,0.3,807,424,1396,748,wheel
1204,0.3,806,423,1395,747,wheel
1205,0.3,806,423,1394,746,wheel
1206,0.3,806,422,1393,745,wheel
1207,0.3,806,421,1392,744,wheel
1208,0.3,806,421,1391,742,wheel
1209,0.3,806,420,1391,741,wheel
1210,0.3,806,419,1390,740,wheel
1211,0.3,806,419,1389,739,wheel
1212,0.3,806,418,1388,737,wheel
1213,0.3,806,417,1387,736,wheel
1214,0.3,806,417,1386,735,wheel
1215,0.3,806,416,1385,734,wheel
1216,0.3,805,415,1385,733,wheel
1217,0.3,805,415,1384,731,wheel
1218,0.3,805,414,1383,730,wheel
1219,0.3,805,413,1382,729,wheel
1220,0.3,805,413,1381,728,wheel
1221,0.3,805,412,1380,726,wheel
1222,0.3,805,411,1379,725,wheel
1223,0.3,805,411,1379,724,wheel
1224,0.3,805,410,1378,723,wheel
1225,0.3,805,409,1377,721,wheel
1226,0.3,805,409,1376,720,wheel
1227,0.3,804,408,1375,719,wheel
1228,0.3,804,408,1374,718,wheel
1229,0.3,804,407,1373,717,wheel
1230,0.3,804,406,1373,715,wheel
1231,0.3,804,406,1372,714,wheel
1232,0.3,804,405,1371,713,wheel
1233,0.3,804,404,1370,712,wheel
1234,0.3,804,404,1369,710,wheel
1235,0.3,804,403,1368,709,wheel
1236,0.3,804,402,1368,708,wheel
1237,0.3,804,402,1367,707,wheel
1238,0.3,803,401,1366,706,wheel
1239,0.3,803,400,1365,704,wheel
1240,0.3,803,400,1364,703,wheel
1241,0.3,803,399,1363,702,wheel
1242,0.3,803,398,1362,701,wheel
1243,0.3,803,398,1362,699,wheel
1244,0.3,803,397,1361,698,wheel
1245,0.3,803,396,1360,697,wheel
1246,0.3,803,396,1359,696,wheel
1247,0.3,803,395,1358,694,wheel
1248,0.3,803,394,1357,693,wheel
1249,0.3,803,394,1356,692,wheel
1250,0.3,802,393,1356,691,wheel
1251,0.3,802,392,1355,690,wheel
1252,0.3,802,392,1354,688,wheel
1253,0.3,802,391,1353,687,wheel
1254,0.3,802,390,1352,686,wheel
1255,0.3,802,390,1351,685,wheel
1256,0.3,802,389,1350,683,wheel
1257,0.3,802,388,1350,682,wheel
1258,0.3,802,388,1349,681,wheel
1259,0.3,802,387,1348,680,wheel
1260,0.3,802,386,1347,678,wheel
1261,0.3,801,386,1346,677,wheel
1262,0.3,801,385,1345,676,wheel
1263,0.3,801,384,1344,675,wheel
1264,0.3,801,384,1344,674,wheel
1265,0.3,801,383,1343,672,wheel
1266,0.3,801,382,1342,671,wheel
1267,0.3,801,382,1341,670,wheel
1268,0.3,801,381,1340,669,wheel
1269,0.3,801,380,1339,667,wheel
1270,0.3,801,380,1338,666,wheel
1271,0.3,801,379,1338,665,wheel
1272,0.3,801,379,1337,664,wheel
1273,0.3,800,378,1336,663,wheel
1274,0.3,800,377,1335,661,wheel
1275,0.3,800,377,1334,660,wheel
1276,0.3,800,376,1333,659,wheel
1277,0.3,800,375,1332,658,wheel
1278,0.3,800,375,1332,656,wheel
1279,0.3,800,374,1331,655,wheel
1280,0.3,800,373,1330,654,wheel
1281,0.3,800,373,1329,653,wheel
1282,0.3,800,372,1328,651,wheel
1283,0.3,800,371,1327,650,wheel
1284,0.3,799,371,1326,649,wheel
1285,0.3,799,370,1326,648,wheel
1286,0.3,799,369,1325,647,wheel
1287,0.3,799,369,1324,645,wheel
1288,0.3,799,368,1323,644,wheel
1289,0.3,799,367,1322,643,wheel
1290,0.3,799,367,1321,642,wheel
1291,0.3,799,366,1321,640,wheel
1292,0.3,799,365,1320,639,wheel
1293,0.3,799,365,1319,638,wheel
1294,0.3,799,364,1318,637,wheel
1295,0.3,798,363,1317,636,wheel
1296,0.3,798,363,1316,634,wheel
1297,0.3,798,362,1315,633,wheel
1298,0.3,798,361,1315,632,wheel
1299,0.3,798,361,1314,631,wheel
1300,0.3,798,360,1313,629,wheel
1301,0.3,798,359,1312,628,wheel
1302,0.3,798,359,1311,627,wheel
1303,0.3,798,358,1310,626,wheel
1304,0.3,798,357,1309,624,wheel
1305,0.3,798,357,1309,623,wheel
1306,0.3,798,356,1308,622,wheel
1307,0.3,797,355,1307,621,wheel
1308,0.3,797,355,1306,620,wheel
1309,0.3,797,354,1305,618,wheel
1310,0.3,797,353,1304,617,wheel
1311,0.3,797,353,1303,616,wheel
1312,0.3,797,352,1303,615,wheel
1313,0.3,797,351,1302,613,wheel
1314,0.3,797,351,1301,612,wheel
1315,0.3,797,350,1300,611,wheel
1316,0.3,797,349,1299,610,wheel
1317,0.3,797,349,1298,608,wheel
1318,0.3,796,348,1297,607,wheel
1319,0.3,796,348,1297,606,wheel
1320,0.3,796,347,1296,605,wheel
1321,0.3,796,346,1295,604,wheel
1322,0.3,796,346,1294,602,wheel
1323,0.3,796,345,1293,601,wheel
1324,0.3,796,344,1292,600,wheel
1325,0.3,796,344,1291,599,wheel
1326,0.3,796,343,1291,597,wheel
1327,0.3,796,342,1290,596,wheel
1328,0.3,796,342,1289,595,wheel
1329,0.3,795,341,1288,594,wheel
1330,0.3,795,340,1287,593,wheel
1331,0.3,795,340,1286,591,wheel
1332,0.3,795,339,1285,590,wheel
1333,0.3,795,338,1285,589,wheel
1334,0.3,795,338,1284,588,wheel
1335,0.3,795,337,1283,586,wheel
1336,0.3,795,336,1282,585,wheel
1337,0.3,795,336,1281,584,wheel
1338,0.3,795,335,1280,583,wheel
1339,0.3,795,334,1280,581,wheel
1340,0.3,795,334,1279,580,wheel
1341,0.3,794,333,1278,579,wheel
1342,0.3,794,332,1277,578,wheel
1343,0.3,794,332,1276,577,wheel
1344,0.3,794,331,1275,575,wheel
1345,0.3,794,330,1274,574,wheel
1346,0.3,794,330,1274,573,wheel
1347,0.3,794,329,1273,572,wheel
1348,0.3,794,328,1272,570,wheel
1349,0.3,794,328,1271,569,wheel
1350,0.3,794,327,1270,568,wheel
1351,0.3,794,326,1269,567,wheel
1352,0.3,793,326,1268,566,wheel
1353,0.3,793,325,1268,564,wheel
1354,0.3,793,324,1267,563,wheel
1355,0.3,793,324,1266,562,wheel
1356,0.3,793,323,1265,561,wheel
1357,0.3,793,322,1264,559,wheel
1358,0.3,793,322,1263,558,wheel
1359,0.3,793,321,1262,557,wheel
1360,0.3,793,320,1262,556,wheel
1361,0.3,793,320,1261,554,wheel
1362,0.3,793,319,1260,553,wheel
1363,0.3,793,319,1259,552,wheel
1364,0.3,792,318,1258,551,wheel
1365,0.3,792,317,1257,550,wheel
1366,0.3,792,317,1256,548,wheel
1367,0.3,792,316,1256,547,wheel
1368,0.3,792,315,1255,546,wheel
1369,0.3,792,315,1254,545,wheel
1370,0.3,792,314,1253,543,wheel
1371,0.3,792,313,1252,542,wheel
1372,0.3,792,313,1251,541,wheel
1373,0.3,792,312,1250,540,wheel
1374,0.3,792,311,1250,538,wheel
1375,0.3,791,311,1249,537,wheel
1376,0.3,791,310,1248,536,wheel
1377,0.3,791,309,1247,535,wheel
1378,0.3,791,309,1246,534,wheel
1379,0.3,791,308,1245,532,wheel
1380,0.3,791,307,1244,531,wheel
1381,0.3,791,307,1244,530,wheel
1382,0.3,791,306,1243,529,wheel
1383,0.3,791,305,1242,527,wheel
1384,0.3,791,305,1241,526,wheel
1385,0.3,791,304,1240,525,wheel
1386,0.3,790,303,1239,524,wheel
1387,0.3,790,303,1238,523,wheel
1388,0.3,790,302,1238,521,wheel
1389,0.3,790,301,1237,520,wheel
1390,0.3,790,301,1236,519,wheel
1391,0.3,790,300,1235,518,wheel
1392,0.3,790,299,1234,516,wheel
1393,0.3,790,299,1233,515,wheel
1394,0.3,790,298,1233,514,wheel
1395,0.3,790,297,1232,513,wheel
1396,0.3,790,297,1231,511,wheel
1397,0.3,790,296,1230,510,wheel
1398,0.3,789,295,1229,509,wheel
1399,0.3,789,295,1228,508,wheel
1400,0.3,789,294,1227,507,wheel
1401,0.3,789,293,1227,505,wheel
1402,0.3,789,293,1226,504,wheel
1403,0.3,789,292,1225,503,wheel
1404,0.3,789,291,1224,502,wheel
1405,0.3,789,291,1223,500,wheel
1406,0.3,789,290,1222,499,wheel
1407,0.3,789,289,1221,498,wheel
1408,0.3,789,289,1221,497,wheel
1409,0.3,788,288,1220,496,wheel
1410,0.3,788,288,1219,494,wheel
1411,0.3,788,287,1218,493,wheel
1412,0.3,788,286,1217,492,wheel
1413,0.3,788,286,1216,491,wheel
1414,0.3,788,285,1215,489,wheel
1415,0.3,788,284,1215,488,wheel
1416,0.3,788,284,1214,487,wheel
1417,0.3,788,283,1213,486,wheel
1418,0.3,788,282,1212,484,wheel
1419,0.3,788,282,1211,483,wheel
1420,0.3,787,281,1210,482,wheel
1421,0.3,787,280,1209,481,wheel
1422,0.3,787,280,1209,480,wheel
1423,0.3,787,279,1208,478,wheel
1424,0.3,787,278,1207,477,wheel
1425,0.3,787,278,1206,476,wheel
1426,0.3,787,277,1205,475,wheel
1427,0.3,787,276,1204,473,wheel
1428,0.3,787,276,1203,472,wheel
1429,0.3,787,275,1203,471,wheel
1430,0.3,787,274,1202,470,wheel
1431,0.3,787,274,1201,468,wheel
1432,0.3,786,273,1200,467,wheel
1433,0.3,786,272,1199,466,wheel
1434,0.3,786,272,1198,465,wheel
1435,0.3,786,271,1197,464,wheel
1436,0.3,786,270,1197,462,wheel
1437,0.3,786,270,1196,461,wheel
1438,0.3,786,269,1195,460,wheel
1439,0.3,786,268,1194,459,wheel
1440,0.3,786,268,1193,457,wheel
1441,0.3,786,267,1192,456,wheel
1442,0.3,786,266,1192,455,wheel
1443,0.3,785,266,1191,454,wheel
1444,0.3,785,265,1190,453,wheel
1445,0.3,785,264,1189,451,wheel
1446,0.3,785,264,1188,450,wheel
1447,0.3,785,263,1187,449,wheel
1448,0.3,785,262,1186,448,wheel
1449,0.3,785,262,1186,446,wheel
1450,0.3,785,261,1185,445,wheel
1451,0.3,785,260,1184,444,wheel
1452,0.3,785,260,1183,443,wheel
1453,0.3,785,259,1182,441,wheel
1454,0.3,785,259,1181,440,wheel
1455,0.3,784,258,1180,439,wheel
1456,0.3,784,257,1180,438,wheel
1457,0.3,784,257,1179,437,wheel
1458,0.3,784,256,1178,435,wheel
1459,0.3,784,255,1177,434,wheel
1460,0.3,784,255,1176,433,wheel
1461,0.3,784,254,1175,432,wheel
1462,0.3,784,253,1174,430,wheel
1463,0.3,784,253,1174,429,wheel
1464,0.3,784,252,1173,428,wheel
1465,0.3,784,251,1172,427,wheel
1466,0.3,783,251,1171,426,wheel
1467,0.3,783,250,1170,424,wheel
1468,0.3,783,249,1169,423,wheel
1469,0.3,783,249,1168,422,wheel
1470,0.3,783,248,1168,421,wheel
1471,0.3,783,247,1167,419,wheel
1472,0.3,783,247,1166,418,wheel
1473,0.3,783,246,1165,417,wheel
1474,0.3,783,245,1164,416,wheel
1475,0.3,783,245,1163,414,wheel
1476,0.3,783,244,1162,413,wheel
1477,0.3,782,243,1162,412,wheel
1478,0.3,782,243,1161,411,wheel
1479,0.3,782,242,1160,410,wheel
1480,0.3,782,241,1159,408,wheel
1481,0.3,782,241,1158,407,wheel
1482,0.3,782,240,1157,406,wheel
1483,0.3,782,239,1156,405,wheel
1484,0.3,782,239,1156,403,wheel
1485,0.3,782,238,1155,402,wheel
1486,0.3,782,237,1154,401,wheel
1487,0.3,782,237,1153,400,wheel
1488,0.3,782,236,1152,398,wheel
1489,0.3,781,235,1151,397,wheel
1490,0.3,781,235,1150,396,wheel
1491,0.3,781,234,1150,395,wheel
1492,0.3,781,233,1149,394,wheel
1493,0.3,781,233,1148,392,wheel
1494,0.3,781,232,1147,391,wheel
1495,0.3,781,231,1146,390,wheel
1496,0.3,781,231,1145,389,wheel
1497,0.3,781,230,1145,387,wheel
1498,0.3,781,229,1144,386,wheel
1499,0.3,781,229,1143,385,wheel
1500,0.3,780,228,1142,384,wheel
1501,0.3,780,228,1141,383,wheel
1502,0.3,780,227,1140,381,wheel
1503,0.3,780,226,1139,380,wheel
1504,0.3,780,226,1139,379,wheel
1505,0.3,780,225,1138,378,wheel
1506,0.3,780,224,1137,376,wheel
1507,0.3,780,224,1136,375,wheel
1508,0.3,780,223,1135,374,wheel
1509,0.3,780,222,1134,373,wheel
1510,0.3,780,222,1133,371,wheel
1511,0.3,779,221,1133,370,wheel
1512,0.3,779,220,1132,369,wheel
1513,0.3,779,220,1131,368,wheel
1514,0.3,779,219,1130,367,wheel
1515,0.3,779,218,1129,365,wheel
1516,0.3,779,218,1128,364,wheel
1517,0.3,779,217,1127,363,wheel
1518,0.3,779,216,1127,362,wheel
1519,0.3,779,216,1126,360,wheel
1520,0.3,779,215,1125,359,wheel
1521,0.3,779,214,1124,358,wheel
1522,0.3,779,214,1123,357,wheel
1523,0.3,778,213,1122,356,wheel
1524,0.3,778,212,1121,354,wheel
1525,0.3,778,212,1121,353,wheel
1526,0.3,778,211,1120,352,wheel
1527,0.3,778,210,1119,351,wheel
1528,0.3,778,210,1118,349,wheel
1529,0.3,778,209,1117,348,wheel
1530,0.3,778,208,1116,347,wheel
1531,0.3,778,208,1115,346,wheel
1532,0.3,778,207,1115,344,wheel
1533,0.3,778,206,1114,343,wheel
1534,0.3,777,206,1113,342,wheel
1535,0.3,777,205,1112,341,wheel
1536,0.3,777,204,1111,340,wheel
1537,0.3,777,204,1110,338,wheel
1538,0.3,777,203,1109,337,wheel
1539,0.3,777,202,1109,336,wheel
1540,0.3,777,202,1108,335,wheel
1541,0.3,777,201,1107,333,wheel
1542,0.3,777,200,1106,332,wheel
1543,0.3,777,200,1105,331,wheel
1544,0.3,777,199,1104,330,wheel
1545,0.47317034,777,199,1104,329,truck
1546,0.3,760,198,1085,326,truck
1547,0.47256175,744,197,1066,324,truck
1548,0.3,725,196,1050,322,truck
1549,0.3,707,195,1035,321,truck
1550,0.45883366,689,194,1020,320,truck
1551,0.4513265,672,192,1003,318,truck
1552,0.47901624,658,193,985,317,truck
1553,0.4685475,640,194,970,315,truck
1554,0.47511825,631,194,946,315,truck
1555,0.3,617,193,930,313,truck
1556,0.45205212,603,193,914,312,truck
1557,0.3,592,193,900,311,truck
1558,0.3,582,193,886,311,truck
1559,0.48425815,572,193,872,311,truck
1560,0.3,556,193,853,310,truck
1561,0.3,541,194,834,310,truck
1562,0.3,525,194,815,309,truck
1563,0.45859116,510,195,797,309,truck
1564,0.51391244,507,195,781,312,truck
1565,0.49572763,507,196,763,312,truck
1566,0.3,496,196,752,312,truck
1567,0.46684557,486,196,742,312,truck
1568,0.3,478,196,736,311,truck
1569,0.52561235,471,197,730,311,truck
1570,0.5185462,460,198,689,311,truck
1571,0.45326185,451,197,669,311,truck
1572,0.46368712,442,196,664,311,truck
